date,usd_index,interest_rate,vix
1960-01-31,,4.35,
1960-02-29,,3.96,
1960-03-31,,3.31,
1960-04-30,,3.23,
1960-05-31,,3.29,
1960-06-30,,2.46,
1960-07-31,,2.3,
1960-08-31,,2.3,
1960-09-30,,2.48,
1960-10-31,,2.3,
1960-11-30,,2.37,
1960-12-31,,2.25,
1961-01-31,,2.24,
1961-02-28,,2.42,
1961-03-31,,2.39,
1961-04-30,,2.29,
1961-05-31,,2.29,
1961-06-30,,2.33,
1961-07-31,,2.24,
1961-08-31,,2.39,
1961-09-30,,2.28,
1961-10-31,,2.3,
1961-11-30,,2.48,
1961-12-31,,2.6,
1962-01-31,,2.72,
1962-02-28,,2.73,
1962-03-31,,2.72,
1962-04-30,,2.73,
1962-05-31,,2.69,
1962-06-30,,2.73,
1962-07-31,,2.92,
1962-08-31,,2.82,
1962-09-30,,2.78,
1962-10-31,,2.74,
1962-11-30,,2.83,
1962-12-31,,2.87,
1963-01-31,,2.91,
1963-02-28,,2.92,
1963-03-31,,2.89,
1963-04-30,,2.9,
1963-05-31,,2.93,
1963-06-30,,2.99,
1963-07-31,,3.18,
1963-08-31,,3.32,
1963-09-30,,3.38,
1963-10-31,,3.45,
1963-11-30,,3.52,
1963-12-31,,3.52,
1964-01-31,,3.52,
1964-02-29,,3.53,
1964-03-31,,3.54,
1964-04-30,,3.47,
1964-05-31,,3.48,
1964-06-30,,3.48,
1964-07-31,,3.46,
1964-08-31,,3.5,
1964-09-30,,3.53,
1964-10-31,,3.57,
1964-11-30,,3.64,
1964-12-31,,3.84,
1965-01-31,,3.81,
1965-02-28,,3.93,
1965-03-31,,3.93,
1965-04-30,,3.93,
1965-05-31,,3.89,
1965-06-30,,3.8,
1965-07-31,,3.84,
1965-08-31,,3.84,
1965-09-30,,3.92,
1965-10-31,,4.03,
1965-11-30,,4.09,
1965-12-31,,4.38,
1966-01-31,,4.59,
1966-02-28,,4.65,
1966-03-31,,4.59,
1966-04-30,,4.62,
1966-05-31,,4.64,
1966-06-30,,4.5,
1966-07-31,,4.8,
1966-08-31,,4.96,
1966-09-30,,5.37,
1966-10-31,,5.35,
1966-11-30,,5.32,
1966-12-31,,4.96,
1967-01-31,,4.72,
1967-02-28,,4.56,
1967-03-31,,4.26,
1967-04-30,,3.84,
1967-05-31,,3.6,
1967-06-30,,3.54,
1967-07-31,,4.21,
1967-08-31,,4.27,
1967-09-30,,4.42,
1967-10-31,,4.56,
1967-11-30,,4.73,
1967-12-31,,4.97,
1968-01-31,,5.0,
1968-02-29,,4.98,
1968-03-31,,5.17,
1968-04-30,,5.38,
1968-05-31,,5.66,
1968-06-30,,5.52,
1968-07-31,,5.31,
1968-08-31,,5.09,
1968-09-30,,5.19,
1968-10-31,,5.35,
1968-11-30,,5.45,
1968-12-31,,5.96,
1969-01-31,,6.14,
1969-02-28,,6.12,
1969-03-31,,6.02,
1969-04-30,,6.11,
1969-05-31,,6.04,
1969-06-30,,6.44,
1969-07-31,,7.0,
1969-08-31,,6.98,
1969-09-30,,7.09,
1969-10-31,,7.0,
1969-11-30,,7.24,
1969-12-31,,7.82,
1970-01-31,,7.87,
1970-02-28,,7.13,
1970-03-31,,6.63,
1970-04-30,,6.51,
1970-05-31,,6.84,
1970-06-30,,6.68,
1970-07-31,,6.45,
1970-08-31,,6.41,
1970-09-30,,6.12,
1970-10-31,,5.91,
1970-11-30,,5.28,
1970-12-31,,4.87,
1971-01-31,,4.44,
1971-02-28,,3.7,
1971-03-31,,3.38,
1971-04-30,,3.86,
1971-05-31,,4.14,
1971-06-30,,4.75,
1971-07-31,,5.4,
1971-08-31,,4.94,
1971-09-30,,4.69,
1971-10-31,,4.46,
1971-11-30,,4.22,
1971-12-31,,4.01,
1972-01-31,,3.38,
1972-02-29,,3.2,
1972-03-31,,3.73,
1972-04-30,,3.71,
1972-05-31,,3.69,
1972-06-30,,3.91,
1972-07-31,,3.98,
1972-08-31,,4.02,
1972-09-30,,4.66,
1972-10-31,,4.74,
1972-11-30,,4.78,
1972-12-31,,5.07,
1973-01-31,,5.41,
1973-02-28,,5.6,
1973-03-31,,6.09,
1973-04-30,,6.26,
1973-05-31,,6.36,
1973-06-30,,7.19,
1973-07-31,,8.01,
1973-08-31,,8.67,
1973-09-30,,8.29,
1973-10-31,,7.22,
1973-11-30,,7.83,
1973-12-31,,7.45,
1974-01-31,,7.77,
1974-02-28,,7.12,
1974-03-31,,7.96,
1974-04-30,,8.33,
1974-05-31,,8.23,
1974-06-30,,7.9,
1974-07-31,,7.55,
1974-08-31,,8.96,
1974-09-30,,8.06,
1974-10-31,,7.46,
1974-11-30,,7.47,
1974-12-31,,7.15,
1975-01-31,,6.26,
1975-02-28,,5.5,
1975-03-31,,5.49,
1975-04-30,,5.61,
1975-05-31,,5.23,
1975-06-30,,5.34,
1975-07-31,,6.13,
1975-08-31,,6.44,
1975-09-30,,6.42,
1975-10-31,,5.96,
1975-11-30,,5.48,
1975-12-31,,5.44,
1976-01-31,,4.87,
1976-02-29,,4.88,
1976-03-31,,5.0,
1976-04-30,,4.86,
1976-05-31,,5.2,
1976-06-30,,5.41,
1976-07-31,,5.23,
1976-08-31,,5.14,
1976-09-30,,5.08,
1976-10-31,,4.92,
1976-11-30,,4.75,
1976-12-31,,4.35,
1977-01-31,,4.62,
1977-02-28,,4.67,
1977-03-31,,4.6,
1977-04-30,,4.54,
1977-05-31,,4.96,
1977-06-30,,5.02,
1977-07-31,,5.19,
1977-08-31,,5.49,
1977-09-30,,5.81,
1977-10-31,,6.16,
1977-11-30,,6.1,
1977-12-31,,6.07,
1978-01-31,,6.44,
1978-02-28,,6.45,
1978-03-31,,6.29,
1978-04-30,,6.29,
1978-05-31,,6.41,
1978-06-30,,6.73,
1978-07-31,,7.01,
1978-08-31,,7.08,
1978-09-30,,7.85,
1978-10-31,,7.99,
1978-11-30,,8.64,
1978-12-31,,9.08,
1979-01-31,,9.35,
1979-02-28,,9.32,
1979-03-31,,9.48,
1979-04-30,,9.46,
1979-05-31,,9.61,
1979-06-30,,9.06,
1979-07-31,,9.24,
1979-08-31,,9.52,
1979-09-30,,10.26,
1979-10-31,,11.7,
1979-11-30,,11.79,
1979-12-31,,12.04,
1980-01-31,,12.0,
1980-02-29,,12.86,
1980-03-31,,15.2,
1980-04-30,,13.2,
1980-05-31,,8.58,
1980-06-30,,7.07,
1980-07-31,,8.06,
1980-08-31,,9.13,
1980-09-30,,10.27,
1980-10-31,,11.62,
1980-11-30,,13.73,
1980-12-31,,15.49,
1981-01-31,,15.02,
1981-02-28,,14.79,
1981-03-31,,13.36,
1981-04-30,,13.69,
1981-05-31,,16.3,
1981-06-30,,14.73,
1981-07-31,,14.95,
1981-08-31,,15.51,
1981-09-30,,14.7,
1981-10-31,,13.54,
1981-11-30,,10.86,
1981-12-31,,10.85,
1982-01-31,,12.28,
1982-02-28,,13.48,
1982-03-31,,12.68,
1982-04-30,,12.7,
1982-05-31,,12.09,
1982-06-30,,12.47,
1982-07-31,,11.35,
1982-08-31,,8.68,
1982-09-30,,7.92,
1982-10-31,,7.71,
1982-11-30,,8.07,
1982-12-31,,7.94,
1983-01-31,,7.86,
1983-02-28,,8.11,
1983-03-31,,8.35,
1983-04-30,,8.21,
1983-05-31,,8.19,
1983-06-30,,8.79,
1983-07-31,,9.08,
1983-08-31,,9.34,
1983-09-30,,9.0,
1983-10-31,,8.64,
1983-11-30,,8.76,
1983-12-31,,9.0,
1984-01-31,,8.9,
1984-02-29,,9.09,
1984-03-31,,9.52,
1984-04-30,,9.69,
1984-05-31,,9.83,
1984-06-30,,9.87,
1984-07-31,,10.12,
1984-08-31,,10.47,
1984-09-30,,10.37,
1984-10-31,,9.74,
1984-11-30,,8.61,
1984-12-31,,8.06,
1985-01-31,,7.76,
1985-02-28,,8.27,
1985-03-31,,8.52,
1985-04-30,,7.95,
1985-05-31,,7.48,
1985-06-30,,6.95,
1985-07-31,,7.08,
1985-08-31,,7.14,
1985-09-30,,7.1,
1985-10-31,,7.16,
1985-11-30,,7.24,
1985-12-31,,7.1,
1986-01-31,,7.07,
1986-02-28,,7.06,
1986-03-31,,6.56,
1986-04-30,,6.06,
1986-05-31,,6.15,
1986-06-30,,6.21,
1986-07-31,,5.83,
1986-08-31,,5.53,
1986-09-30,,5.21,
1986-10-31,,5.18,
1986-11-30,,5.35,
1986-12-31,,5.53,
1987-01-31,,5.43,
1987-02-28,,5.59,
1987-03-31,,5.59,
1987-04-30,,5.64,
1987-05-31,,5.66,
1987-06-30,,5.67,
1987-07-31,,5.69,
1987-08-31,,6.04,
1987-09-30,,6.4,
1987-10-31,,6.13,
1987-11-30,,5.69,
1987-12-31,,5.77,
1988-01-31,,5.81,
1988-02-29,,5.66,
1988-03-31,,5.7,
1988-04-30,,5.91,
1988-05-31,,6.26,
1988-06-30,,6.46,
1988-07-31,,6.73,
1988-08-31,,7.06,
1988-09-30,,7.24,
1988-10-31,,7.35,
1988-11-30,,7.76,
1988-12-31,,8.07,
1989-01-31,,8.27,
1989-02-28,,8.53,
1989-03-31,,8.82,
1989-04-30,,8.65,
1989-05-31,,8.43,
1989-06-30,,8.15,
1989-07-31,,7.88,
1989-08-31,,7.9,
1989-09-30,,7.75,
1989-10-31,,7.64,
1989-11-30,,7.69,
1989-12-31,,7.63,
1990-01-31,,7.64,23.347272727272728
1990-02-28,,7.74,23.262631578947367
1990-03-31,,7.9,20.062272727272727
1990-04-30,,7.77,21.4035
1990-05-31,,7.74,18.097727272727273
1990-06-30,,7.73,16.82238095238095
1990-07-31,,7.62,18.392857142857142
1990-08-31,,7.45,28.175217391304347
1990-09-30,,7.36,29.10736842105263
1990-10-31,,7.17,29.625652173913043
1990-11-30,,7.06,24.885714285714286
1990-12-31,,6.74,23.363
1991-01-31,,6.22,27.429090909090913
1991-02-28,,5.94,21.59842105263158
1991-03-31,,5.91,17.74421052631579
1991-04-30,,5.65,17.37272727272727
1991-05-31,,5.46,16.93227272727273
1991-06-30,,5.57,17.134999999999998
1991-07-31,,5.58,17.294090909090908
1991-08-31,,5.33,15.681363636363637
1991-09-30,,5.22,16.9565
1991-10-31,,4.99,16.36391304347826
1991-11-30,,4.56,17.773500000000002
1991-12-31,,4.07,18.347619047619048
1992-01-31,,3.8,17.68318181818182
1992-02-29,,3.84,17.47736842105263
1992-03-31,,4.04,17.520454545454545
1992-04-30,,3.75,16.562857142857144
1992-05-31,,3.63,15.077000000000002
1992-06-30,,3.66,15.203181818181816
1992-07-31,,3.21,13.601818181818182
1992-08-31,,3.13,14.421904761904763
1992-09-30,,2.91,13.696666666666667
1992-10-31,,2.86,17.63681818181818
1992-11-30,,3.13,14.4245
1992-12-31,,3.22,12.191363636363635
1993-01-31,,3.0,12.409
1993-02-28,,2.93,13.72157894736842
1993-03-31,,2.95,13.60608695652174
1993-04-30,,2.87,12.840952380952379
1993-05-31,,2.96,13.606
1993-06-30,,3.07,12.524090909090908
1993-07-31,,3.04,11.50047619047619
1993-08-31,,3.02,11.928636363636365
1993-09-30,,2.95,12.931428571428572
1993-10-31,,3.02,11.875238095238094
1993-11-30,,3.1,14.083809523809524
1993-12-31,,3.06,11.356363636363637
1994-01-31,,2.98,11.29047619047619
1994-02-28,,3.25,13.64421052631579
1994-03-31,,3.5,15.223478260869564
1994-04-30,,3.68,16.471052631578946
1994-05-31,,4.14,13.897142857142857
1994-06-30,,4.14,13.408636363636363
1994-07-31,,4.33,12.4845
1994-08-31,,4.48,11.889130434782608
1994-09-30,,4.62,13.233333333333333
1994-10-31,,4.95,15.245238095238093
1994-11-30,,5.29,16.383809523809525
1994-12-31,,5.6,14.177142857142858
1995-01-31,,5.71,12.274285714285714
1995-02-28,,5.77,11.47
1995-03-31,,5.73,12.166521739130435
1995-04-30,,5.65,12.442631578947369
1995-05-31,,5.67,12.265909090909092
1995-06-30,,5.47,11.896818181818183
1995-07-31,,5.42,12.514
1995-08-31,,5.4,12.798260869565217
1995-09-30,,5.28,12.057
1995-10-31,,5.28,14.357272727272727
1995-11-30,,5.36,12.46904761904762
1995-12-31,,5.14,11.7485
1996-01-31,,5.0,13.473636363636365
1996-02-29,,4.83,15.032999999999998
1996-03-31,,4.96,17.76238095238095
1996-04-30,,4.95,16.575238095238095
1996-05-31,,5.02,16.14636363636364
1996-06-30,,5.09,16.395
1996-07-31,,5.15,17.978636363636365
1996-08-31,,5.05,15.760454545454547
1996-09-30,,5.09,16.578
1996-10-31,,4.99,16.38173913043478
1996-11-30,,5.03,15.997
1996-12-31,,4.91,19.260952380952382
1997-01-31,,5.03,19.473333333333333
1997-02-28,,5.01,20.139473684210525
1997-03-31,,5.14,20.169999999999998
1997-04-30,,5.16,19.662272727272725
1997-05-31,,5.05,19.924761904761905
1997-06-30,,4.93,20.194285714285712
1997-07-31,,5.05,20.529090909090908
1997-08-31,,5.14,23.084761904761905
1997-09-30,,4.95,23.812380952380952
1997-10-31,,4.97,23.87086956521739
1997-11-30,,5.14,32.20611111111111
1997-12-31,,5.16,26.276363636363637
1998-01-31,,5.04,23.8665
1998-02-28,,5.09,19.998947368421053
1998-03-31,,5.03,20.158636363636365
1998-04-30,,4.95,22.02857142857143
1998-05-31,,5.0,20.874000000000002
1998-06-30,,4.98,21.66272727272727
1998-07-31,,4.96,19.930000000000003
1998-08-31,,4.9,31.58809523809524
1998-09-30,,4.61,38.2047619047619
1998-10-31,,3.96,36.60818181818182
1998-11-30,,4.41,26.223000000000003
1998-12-31,,4.39,25.479090909090907
1999-01-31,,4.34,28.035263157894736
1999-02-28,,4.44,28.82263157894737
1999-03-31,,4.44,25.309565217391306
1999-04-30,,4.29,23.478571428571428
1999-05-31,,4.5,26.204500000000003
1999-06-30,,4.57,23.626363636363635
1999-07-31,,4.55,21.04904761904762
1999-08-31,,4.72,24.323636363636364
1999-09-30,,4.68,24.541428571428572
1999-10-31,,4.86,24.021428571428572
1999-11-30,,5.07,21.81809523809524
1999-12-31,,5.2,22.15909090909091
2000-01-31,,5.32,23.202
2000-02-29,,5.55,23.5955
2000-03-31,,5.69,22.718260869565217
2000-04-30,,5.66,27.164210526315788
2000-05-31,,5.79,26.37318181818182
2000-06-30,,5.69,21.54
2000-07-31,,5.96,19.893
2000-08-31,,6.09,18.088695652173914
2000-09-30,,6.0,19.6875
2000-10-31,,6.11,25.2
2000-11-30,,6.17,26.38285714285714
2000-12-31,,5.77,26.5305
2001-01-31,,5.15,24.918571428571425
2001-02-28,,4.88,23.411578947368422
2001-03-31,,4.42,28.49681818181818
2001-04-30,,3.87,28.133999999999997
2001-05-31,,3.62,22.944090909090907
2001-06-30,,3.49,20.94047619047619
2001-07-31,,3.51,22.316190476190474
2001-08-31,,3.36,21.86173913043478
2001-09-30,,2.64,35.065333333333335
2001-10-31,,2.16,32.72130434782609
2001-11-30,,1.87,26.63095238095238
2001-12-31,,1.69,23.72
2002-01-31,,1.65,22.252857142857142
2002-02-28,,1.72,22.87578947368421
2002-03-31,,1.79,18.985
2002-04-30,,1.71,19.900454545454547
2002-05-31,,1.73,20.087727272727275
2002-06-30,,1.7,25.271
2002-07-31,,1.68,34.04954545454546
2002-08-31,,1.62,33.74272727272727
2002-09-30,,1.63,37.6475
2002-10-31,,1.58,35.24304347826087
2002-11-30,,1.23,28.175
2002-12-31,,1.19,28.21047619047619
2003-01-31,,1.17,27.424285714285713
2003-02-28,,1.17,32.21842105263158
2003-03-31,,1.13,30.634285714285717
2003-04-30,,1.13,23.99190476190476
2003-05-31,,1.07,20.23952380952381
2003-06-30,,0.92,20.362380952380953
2003-07-31,,0.9,19.161363636363635
2003-08-31,,0.95,19.274285714285714
2003-09-30,,0.94,19.532380952380954
2003-10-31,,0.92,18.023478260869567
2003-11-30,,0.93,17.40105263157895
2003-12-31,,0.9,16.826363636363638
2004-01-31,,0.88,16.101
2004-02-29,,0.93,15.99842105263158
2004-03-31,,0.94,17.687391304347827
2004-04-30,,0.94,15.69857142857143
2004-05-31,,1.02,17.705000000000002
2004-06-30,,1.27,15.342727272727274
2004-07-31,,1.33,15.502380952380953
2004-08-31,,1.48,16.68409090909091
2004-09-30,,1.65,14.08095238095238
2004-10-31,,1.76,14.973809523809523
2004-11-30,,2.07,13.577619047619047
2004-12-31,,2.19,12.459545454545456
2005-01-31,,2.33,13.437999999999999
2005-02-28,,2.54,11.708947368421052
2005-03-31,,2.74,13.126363636363635
2005-04-30,,2.78,14.459047619047618
2005-05-31,,2.84,13.967619047619047
2005-06-30,,2.97,11.868636363636364
2005-07-31,,3.22,11.049
2005-08-31,,3.44,12.951304347826087
2005-09-30,,3.42,12.628095238095238
2005-10-31,,3.71,14.937619047619048
2005-11-30,,3.88,12.147619047619047
2005-12-31,,3.89,11.26
2006-01-31,100.00000454545456,4.24,12.036
2006-02-28,100.21117000000001,4.43,12.471052631578948
2006-03-31,100.42808695652174,4.51,11.69391304347826
2006-04-30,99.74348,4.6,11.84736842105263
2006-05-31,97.51177391304348,4.72,14.454545454545455
2006-06-30,98.69272272727272,4.79,16.918636363636363
2006-07-31,98.4387142857143,4.95,15.325999999999999
2006-08-31,97.7137652173913,4.96,13.351739130434783
2006-09-30,97.98136190476191,4.81,12.1845
2006-10-31,98.31565454545454,4.92,11.306363636363637
2006-11-30,97.51328181818181,4.94,10.817619047619049
2006-12-31,96.79507142857143,4.85,10.9645
2007-01-31,97.83377727272727,4.98,11.0425
2007-02-28,97.47642499999999,5.03,11.155263157894737
2007-03-31,97.01175454545455,4.94,15.162727272727272
2007-04-30,95.6322,4.87,12.933000000000002
2007-05-31,94.72254782608697,4.73,13.297727272727274
2007-06-30,94.44490952380953,4.61,14.947619047619046
2007-07-31,93.20591363636363,4.82,17.273333333333333
2007-08-31,93.76029565217392,4.2,25.02608695652174
2007-09-30,92.436595,3.89,22.198947368421056
2007-10-31,90.40017826086957,3.9,19.115652173913045
2007-11-30,89.05299545454545,3.27,25.58238095238095
2007-12-31,90.00495714285714,3.0,21.651
2008-01-31,89.39711739130435,2.75,25.816190476190474
2008-02-29,88.6434380952381,2.12,25.456
2008-03-31,86.83986666666667,1.26,27.103500000000004
2008-04-30,86.54753636363635,1.29,21.562727272727273
2008-05-31,86.82446363636363,1.73,18.303333333333335
2008-06-30,87.07280476190476,1.86,22.11047619047619
2008-07-31,86.45375652173914,1.63,24.321818181818184
2008-08-31,88.94499523809525,1.72,20.695714285714285
2008-09-30,91.26510909090909,1.13,30.23857142857143
2008-10-31,98.04,0.67,61.17739130434782
2008-11-30,100.76666,0.19,62.66894736842105
2008-12-31,99.66224782608695,0.03,52.405
2009-01-31,100.35208421052631,0.13,44.683
2009-02-28,102.97372631578948,0.3,45.57052631578947
2009-03-31,103.43974545454545,0.21,44.79545454545455
2009-04-30,100.71618636363637,0.16,38.063809523809525
2009-05-31,97.55188000000001,0.18,31.977999999999998
2009-06-30,96.04261818181818,0.18,29.140454545454546
2009-07-31,95.66055909090909,0.18,26.162727272727274
2009-08-31,94.37304285714286,0.17,25.337142857142858
2009-09-30,93.66380000000001,0.12,24.92666666666667
2009-10-31,92.2597619047619,0.07,24.252272727272725
2009-11-30,91.79961052631579,0.05,23.788999999999998
2009-12-31,92.25861904761905,0.05,21.239545454545453
2010-01-31,92.44030000000001,0.06,20.643157894736845
2010-02-28,93.88668000000001,0.11,22.54
2010-03-31,93.14987826086957,0.15,17.767391304347825
2010-04-30,92.63908636363637,0.16,17.424285714285716
2010-05-31,95.53063999999999,0.16,31.9295
2010-06-30,96.06062727272727,0.12,29.916363636363634
2010-07-31,94.45469047619048,0.16,25.565238095238094
2010-08-31,93.68223181818183,0.16,24.74590909090909
2010-09-30,92.76259523809524,0.15,22.517619047619046
2010-10-31,90.22912,0.13,20.37333333333333
2010-11-30,90.509535,0.14,20.095714285714287
2010-12-31,91.18347142857144,0.14,17.56954545454545
2011-01-31,90.11122,0.15,17.3155
2011-02-28,89.3966894736842,0.13,17.43
2011-03-31,88.48722608695653,0.1,20.723478260869566
2011-04-30,86.92136666666667,0.06,16.244
2011-05-31,86.94640476190476,0.04,16.91142857142857
2011-06-30,86.94125454545454,0.04,19.153181818181817
2011-07-31,86.31780499999999,0.04,19.2275
2011-08-31,86.89824347826087,0.02,35.02913043478261
2011-09-30,89.72526666666667,0.01,36.53
2011-10-31,90.60984499999999,0.02,32.829047619047614
2011-11-30,91.26488,0.01,31.94190476190476
2011-12-31,92.20559047619047,0.01,25.047619047619047
2012-01-31,91.646265,0.03,20.228
2012-02-29,89.9605,0.09,18.4205
2012-03-31,90.51121363636364,0.08,16.167272727272728
2012-04-30,90.81560952380953,0.08,17.823
2012-05-31,92.49278636363637,0.09,21.001818181818184
2012-06-30,93.88086666666666,0.09,21.13095238095238
2012-07-31,93.40616666666668,0.1,17.565238095238094
2012-08-31,92.5282652173913,0.1,15.689565217391305
2012-09-30,90.98020000000001,0.11,15.284736842105264
2012-10-31,90.75663,0.1,16.276190476190475
2012-11-30,91.47508,0.09,16.701904761904764
2012-12-31,90.88039,0.07,17.307
2013-01-31,90.82551428571429,0.07,13.505238095238095
2013-02-28,91.55087368421053,0.1,14.072631578947368
2013-03-31,92.41318,0.09,13.0315
2013-04-30,92.04782272727272,0.06,13.967272727272727
2013-05-31,92.52896818181819,0.04,13.493636363636364
2013-06-30,93.283615,0.05,17.2715
2013-07-31,93.87238636363637,0.04,13.974545454545455
2013-08-31,93.71488636363637,0.04,14.21
2013-09-30,93.470565,0.02,14.692000000000002
2013-10-31,92.49926818181818,0.05,15.407826086956522
2013-11-30,93.37366842105263,0.07,12.924000000000001
2013-12-31,93.53402,0.07,14.192380952380953
2014-01-31,94.46474761904763,0.04,14.24095238095238
2014-02-28,94.64558235294118,0.05,15.47
2014-03-31,94.44082105263158,0.05,14.836666666666666
2014-04-30,93.99555,0.03,14.19809523809524
2014-05-31,93.67002857142857,0.03,12.475238095238096
2014-06-30,93.82740476190477,0.04,11.541428571428572
2014-07-31,93.6038590909091,0.03,12.296363636363635
2014-08-31,94.58080952380952,0.03,13.491904761904761
2014-09-30,96.12086666666667,0.02,13.466666666666667
2014-10-31,97.43960454545454,0.02,18.058695652173913
2014-11-30,99.11468888888889,0.02,13.413157894736841
2014-12-31,101.44413333333333,0.03,16.292272727272728
2015-01-31,103.76074000000001,0.03,19.1195
2015-02-28,105.16853888888889,0.02,15.90421052631579
2015-03-31,107.36473809523811,0.03,14.812727272727273
2015-04-30,106.35228181818182,0.02,13.494761904761905
2015-05-31,105.40651499999998,0.02,13.3385
2015-06-30,106.17898636363635,0.02,14.339545454545457
2015-07-31,108.12356818181819,0.03,14.352727272727272
2015-08-31,109.97674761904761,0.07,19.42809523809524
2015-09-30,110.85125714285715,0.02,24.377142857142857
2015-10-31,109.90357142857142,0.02,16.789545454545454
2015-11-30,111.6916105263158,0.12,16.21
2015-12-31,112.7857409090909,0.23,18.025454545454547
2016-01-31,115.2343875,0.26,23.717894736842105
2016-02-29,114.281735,0.31,22.517
2016-03-31,111.89339130434782,0.29,15.84909090909091
2016-04-30,110.01707619047619,0.23,14.300476190476191
2016-05-31,111.14051428571429,0.27,14.852857142857141
2016-06-30,111.55962727272727,0.27,17.774545454545457
2016-07-31,112.47729,0.3,13.1585
2016-08-31,111.43836956521739,0.3,12.399565217391304
2016-09-30,112.31686190476191,0.29,14.21952380952381
2016-10-31,113.474695,0.33,14.585238095238097
2016-11-30,116.107515,0.45,15.236190476190476
2016-12-31,117.90482857142858,0.51,12.472380952380954
2017-01-31,117.78577894736841,0.51,11.6085
2017-02-28,116.12038947368421,0.52,11.530526315789475
2017-03-31,115.65584782608695,0.74,11.89782608695652
2017-04-30,114.769795,0.8,13.136315789473684
2017-05-31,114.25913181818181,0.89,10.862272727272726
2017-06-30,112.76027272727273,0.98,10.513636363636364
2017-07-31,111.060555,1.07,10.2645
2017-08-31,109.90586086956522,1.01,11.975652173913044
2017-09-30,108.85424499999999,1.03,10.437999999999999
2017-10-31,110.88917619047619,1.07,10.125454545454545
2017-11-30,111.163525,1.23,10.54047619047619
2017-12-31,110.87581,1.32,10.2645
2018-01-31,108.35677619047618,1.41,11.062380952380952
2018-02-28,107.6500947368421,1.57,22.464736842105264
2018-03-31,107.94717499999999,1.7,19.023809523809526
2018-04-30,107.94335714285714,1.76,18.267619047619046
2018-05-31,111.04704090909091,1.86,14.124545454545455
2018-06-30,112.84441904761906,1.9,13.678095238095239
2018-07-31,113.05953333333333,1.96,13.147619047619049
2018-08-31,113.83163043478261,2.03,12.54695652173913
2018-09-30,114.07866315789474,2.13,12.910526315789474
2018-10-31,114.83125909090909,2.25,19.35217391304348
2018-11-30,116.16904500000001,2.33,19.38904761904762
2018-12-31,116.2118052631579,2.37,24.953157894736844
2019-01-31,114.44248999999999,2.37,19.57238095238095
2019-02-28,114.41300555555556,2.39,15.234736842105262
2019-03-31,114.78351904761905,2.4,14.485238095238095
2019-04-30,114.90375454545455,2.38,12.949047619047619
2019-05-31,115.95738181818182,2.35,16.721818181818183
2019-06-30,115.42707,2.17,15.836000000000002
2019-07-31,115.0775909090909,2.1,13.305909090909092
2019-08-31,117.10038636363637,1.95,18.97909090909091
2019-09-30,117.32392,1.89,15.559000000000001
2019-10-31,116.74625909090909,1.65,15.466521739130435
2019-11-30,116.55946842105263,1.54,12.5235
2019-12-31,115.90961,1.54,13.756666666666666
2020-01-31,115.27938571428571,1.52,13.94095238095238
2020-02-29,116.71054210526317,1.52,19.628947368421052
2020-03-31,121.02274090909091,0.29,57.73681818181819
2020-04-30,123.28034545454544,0.14,41.453809523809525
2020-05-31,122.61501000000001,0.13,30.897000000000002
2020-06-30,119.67660454545454,0.16,31.119545454545456
2020-07-31,118.69004999999999,0.13,26.840454545454545
2020-08-31,116.94534761904762,0.1,22.88952380952381
2020-09-30,116.34313333333334,0.11,27.64761904761905
2020-10-31,115.77981428571428,0.1,29.438636363636363
2020-11-30,114.09840000000001,0.09,24.9955
2020-12-31,111.89921428571428,0.09,22.37409090909091
2021-01-31,111.48727222222222,0.08,24.91
2021-02-28,112.01705263157895,0.04,23.140526315789476
2021-03-31,113.33664347826087,0.03,21.84304347826087
2021-04-30,112.63228636363637,0.02,17.416190476190476
2021-05-31,111.21226999999999,0.02,19.7605
2021-06-30,111.57769545454545,0.04,16.956818181818182
2021-07-31,113.06331904761906,0.05,17.603333333333335
2021-08-31,113.40253636363636,0.05,17.472727272727273
2021-09-30,113.44374761904761,0.04,19.824761904761903
2021-10-31,114.06348499999999,0.05,17.871428571428574
2021-11-30,114.989795,0.05,18.50047619047619
2021-12-31,115.8045380952381,0.06,21.354545454545455
2022-01-31,115.03728000000001,0.15,23.181
2022-02-28,114.99774210526316,0.33,25.748421052631578
2022-03-31,116.29083913043478,0.44,26.968695652173913
2022-04-30,117.16879523809523,0.76,24.3735
2022-05-31,119.69619047619047,0.98,29.313636363636363
2022-06-30,120.02570952380954,1.49,28.23318181818182
2022-07-31,122.7512,2.23,24.995238095238093
2022-08-31,122.31775217391305,2.63,22.169565217391302
2022-09-30,125.59460000000001,3.13,27.34181818181818
2022-10-31,127.480605,3.72,30.005714285714287
2022-11-30,124.85272,4.15,23.29909090909091
2022-12-31,122.23432857142858,4.25,21.784285714285716
2023-01-31,119.81006500000001,4.54,20.16904761904762
2023-02-28,120.30837368421054,4.65,20.1205
2023-03-31,120.74501304347825,4.69,21.644347826086957
2023-04-30,119.24514500000001,4.92,17.817894736842106
2023-05-31,119.62925454545456,5.14,17.63608695652174
2023-06-30,119.29695238095238,5.16,14.003181818181817
2023-07-31,118.04916499999999,5.25,13.932380952380951
2023-08-31,119.85634782608695,5.3,15.85391304347826
2023-09-30,121.64553000000001,5.32,15.173333333333332
2023-10-31,123.49714761904761,5.34,18.887727272727272
2023-11-30,121.22211999999999,5.27,14.01909090909091
2023-12-31,119.83314,5.24,12.7185
2024-01-31,120.22735714285714,5.22,13.388636363636364
2024-02-29,121.06594,5.24,13.980476190476189
2024-03-31,120.65883333333333,5.24,13.7875
2024-04-30,122.14281363636364,5.24,16.137727272727275
2024-05-31,121.8583409090909,5.25,13.058695652173913
2024-06-30,123.70947894736841,5.24,12.667
2024-07-31,123.38243636363636,5.2,14.373913043478263
2024-08-31,122.61374090909091,5.05,19.312272727272727
2024-09-30,121.88485499999999,4.72,17.663333333333334
2024-10-31,123.5952909090909,4.51,19.960869565217394
2024-11-30,126.31133684210526,4.42,16.015238095238097
2024-12-31,127.57578095238097,4.27,15.866190476190477
2025-01-31,128.83695238095237,4.21,16.763636363636365
2025-02-28,127.87583157894737,4.22,16.968
2025-03-31,126.24304285714285,4.2,21.841428571428573
2025-04-30,124.14020000000001,4.21,31.966190476190473
2025-05-31,122.3421619047619,4.25,20.46227272727273
2025-06-30,120.59387,4.23,18.403333333333336
2025-07-31,120.11269090909092,4.25,16.381304347826084
2025-08-31,120.57584285714286,4.12,15.75
2025-09-30,120.0290619047619,3.92,15.789090909090909
2025-10-31,120.7618,3.82,18.086521739130436
2025-11-30,121.41771666666666,3.78,19.7695
2025-12-31,120.18832272727272,3.59,15.548181818181819
2026-01-31,119.22981,3.57,16.17904761904762
2026-02-28,117.90602105263157,3.6,19.207
2026-03-31,119.79583499999998,3.61,25.596818181818183
2026-04-30,,,24.205
